"Id","IsDeleted","Name","CurrencyIsoCode","SBQQ__Active__c","SBQQ__Product__c","SBQQ__UnitCost__c"
"a051N000041nhkaQAA","false","COST-001494","AUD","true","01t1N00000EURKxQAP","391.3"
"a051N000041nhkbQAA","false","COST-001495","AUD","true","01t1N00000EURL2QAP","319.2"
"a051N000041nhkcQAA","false","COST-001496","AUD","true","01t1N00000EURM0QAP","0.0"
"a051N000041nhkdQAA","false","COST-001497","AUD","true","01t1N00000EURM1QAP","0.0"
"a051N000041nhkeQAA","false","COST-001498","AUD","true","01t1N00000EURM2QAP","512.4"
"a051N000041nhkfQAA","false","COST-001499","AUD","true","01t1N00000EURLRQA5","474.6"
"a051N000041nhkgQAA","false","COST-001500","AUD","true","01t1N00000EURL5QAP","228.2"
"a051N000041nhkhQAA","false","COST-001529","AUD","true","01t1N00000EURL6QAP","324.8"
"a051N000041nhkiQAA","false","COST-001501","AUD","true","01t1N00000EURL7QAP","168.8"
"a051N000041nhkjQAA","false","COST-001502","AUD","true","01t1N00000EURLcQAP","281.6"
"a051N000041nhkkQAA","false","COST-001503","AUD","true","01t1N00000EURLEQA5","178.8"
"a051N000041nhklQAA","false","COST-001504","AUD","true","01t1N00000EURLgQAP","253.6"
"a051N000041nhkmQAA","false","COST-001505","AUD","true","01t1N00000EURM3QAP","1281.0"
"a051N000041nhknQAA","false","COST-001506","AUD","true","01t1N00000EURM4QAP","818.4"
"a051N000041nhkoQAA","false","COST-001507","AUD","true","01t1N00000EURL4QAP","5.6"
"a051N000041nhkpQAA","false","COST-001508","AUD","true","01t1N00000EURM5QAP","191.1"
"a051N000041nhkqQAA","false","COST-001509","AUD","true","01t1N00000EURL0QAP","353.5"
"a051N000041nhkrQAA","false","COST-001510","AUD","true","01t1N00000EURM6QAP","60.2"
"a051N000041nhksQAA","false","COST-001511","AUD","true","01t1N00000EURM7QAP","0.0"
"a051N000041nhkSQAQ","false","COST-001486","AUD","true","01t1N00000EURLXQA5","377.3"
"a051N000041nhktQAA","false","COST-001512","AUD","true","01t1N00000EURM8QAP","0.0"
"a051N000041nhkTQAQ","false","COST-001487","AUD","true","01t1N00000EURLuQAP","371.4"
"a051N000041nhkuQAA","false","COST-001513","AUD","true","01t1N00000EURM9QAP","0.0"
"a051N000041nhkUQAQ","false","COST-001488","AUD","true","01t1N00000EURLvQAP","616.8"
"a051N000041nhkvQAA","false","COST-001514","AUD","true","01t1N00000EURLiQAP","212.4"
"a051N000041nhkVQAQ","false","COST-001489","AUD","true","01t1N00000EURLwQAP","281.4"
"a051N000041nhkwQAA","false","COST-001515","AUD","true","01t1N00000EURMAQA5","326.4"
"a051N000041nhkWQAQ","false","COST-001490","AUD","true","01t1N00000EURLxQAP","536.0"
"a051N000041nhkxQAA","false","COST-001516","AUD","true","01t1N00000EURKsQAP","537.6"
"a051N000041nhkXQAQ","false","COST-001491","AUD","true","01t1N00000EURLyQAP","339.6"
"a051N000041nhkyQAA","false","COST-001517","AUD","true","01t1N00000EURLJQA5","805.0"
"a051N000041nhkYQAQ","false","COST-001492","AUD","true","01t1N00000EURLzQAP","420.7"
"a051N000041nhkzQAA","false","COST-001518","AUD","true","01t1N00000EURLVQA5","1193.6"
"a051N000041nhkZQAQ","false","COST-001493","AUD","true","01t1N00000EURLWQA5","674.1"
"a051N000041nhl0QAA","false","COST-001519","AUD","true","01t1N00000EURMBQA5","355.8"
"a051N000041nhl1QAA","false","COST-001520","AUD","true","01t1N00000EURKtQAP","646.2"
"a051N000041nhl2QAA","false","COST-001521","AUD","true","01t1N00000EURMCQA5","0.0"
"a051N000041nhl3QAA","false","COST-001522","AUD","true","01t1N00000EURLGQA5","708.8"
"a051N000041nhl4QAA","false","COST-001523","AUD","true","01t1N00000EURMDQA5","279.3"
"a051N000041nhl5QAA","false","COST-001524","AUD","true","01t1N00000EURLdQAP","5978.4"
"a051N000041nhl6QAA","false","COST-001525","AUD","true","01t1N00000EURLeQAP","0.0"
"a051N000041nhl7QAA","false","COST-001526","AUD","true","01t1N00000EURMEQA5","0.0"
"a051N000041nhl8QAA","false","COST-001527","AUD","true","01t1N00000EURLSQA5","877.2"
"a051N000041nhl9QAA","false","COST-001528","AUD","true","01t1N00000EURLCQA5","185.5"
"a051N000041nhlaQAA","false","COST-001555","AUD","true","01t1N00000EURLfQAP","2234.4"
"a051N000041nhlAQAQ","false","COST-001530","AUD","true","01t1N00000EURLPQA5","238.8"
"a051N000041nhlbQAA","false","COST-001556","AUD","true","01t1N00000EURL3QAP","93.1"
"a051N000041nhlBQAQ","false","COST-001531","AUD","true","01t1N00000EURLkQAP","2553.6"
"a051N000041nhlcQAA","false","COST-001557","AUD","true","01t1N00000EURLbQAP","74.4"
"a051N000041nhlCQAQ","false","COST-001532","AUD","true","01t1N00000EURLlQAP","1436.4"
"a051N000041nhldQAA","false","COST-001558","AUD","true","01t1N00000EURLBQA5","51.6"
"a051N000041nhlDQAQ","false","COST-001533","AUD","true","01t1N00000EURLQQA5","0.0"
"a051N000041nhleQAA","false","COST-001559","AUD","true","01t1N00000EURMJQA5","279.3"
"a051N000041nhlEQAQ","false","COST-001534","AUD","true","01t1N00000EURLoQAP","19.8"
"a051N000041nhlfQAA","false","COST-001560","AUD","true","01t1N00000EURKwQAP","505.6"
"a051N000041nhlFQAQ","false","COST-001535","AUD","true","01t1N00000EURLsQAP","63.6"
"a051N000041nhlgQAA","false","COST-001561","AUD","true","01t1N00000EURMKQA5","287.0"
"a051N000041nhlGQAQ","false","COST-001536","AUD","true","01t1N00000EURKcQAP","585.6"
"a051N000041nhlhQAA","false","COST-001562","AUD","true","01t1N00000EURLLQA5","442.4"
"a051N000041nhlHQAQ","false","COST-001537","AUD","true","01t1N00000EURKbQAP","8512.0"
"a051N000041nhliQAA","false","COST-001563","AUD","true","01t1N00000EURLKQA5","24.0"
"a051N000041nhlIQAQ","false","COST-001538","AUD","true","01t1N00000EURMFQA5","5320.0"
"a051N000041nhljQAA","false","COST-001564","AUD","true","01t1N00000EURLAQA5","112.0"
"a051N000041nhlJQAQ","false","COST-001539","AUD","true","01t1N00000EURMGQA5","5120.5"
"a051N000041nhlkQAA","false","COST-001565","AUD","true","01t1N00000EURMLQA5","139.8"
"a051N000041nhlKQAQ","false","COST-001540","AUD","true","01t1N00000EURLqQAP","798.0"
"a051N000041nhllQAA","false","COST-001566","AUD","true","01t1N00000EURLaQAP","79.2"
"a051N000041nhlLQAQ","false","COST-001541","AUD","true","01t1N00000EURKaQAP","4788.0"
"a051N000041nhlmQAA","false","COST-001567","AUD","true","01t1N00000EURMMQA5","36.0"
"a051N000041nhlMQAQ","false","COST-001542","AUD","true","01t1N00000EURKZQA5","5586.0"
"a051N000041nhlnQAA","false","COST-001568","AUD","true","01t1N00000EURMNQA5","43.8"
"a051N000041nhlNQAQ","false","COST-001543","AUD","true","01t1N00000EURLpQAP","0.0"
"a051N000041nhloQAA","false","COST-001569","AUD","true","01t1N00000EURLYQA5","10.4"
"a051N000041nhlOQAQ","false","COST-001544","AUD","true","01t1N00000EURLmQAP","56.0"
"a051N000041nhlpQAA","false","COST-001570","AUD","true","01t1N00000EURLZQA5","11.2"
"a051N000041nhlPQAQ","false","COST-001545","AUD","true","01t1N00000EURMHQA5","6783.0"
"a051N000041nhlqQAA","false","COST-001571","AUD","true","01t1N00000EURLFQA5","10.5"
"a051N000041nhlQQAQ","false","COST-001574","AUD","true","01t1N00000EURKdQAP","0.0"
"a051N000041nhlrQAA","false","COST-001572","AUD","true","01t1N00000EURLhQAP","10.2"
"a051N000041nhlRQAQ","false","COST-001546","AUD","true","01t1N00000EURKjQAP","209.3"
"a051N000041nhlsQAA","false","COST-001573","AUD","true","01t1N00000EURL8QAP","28.8"
"a051N000041nhlSQAQ","false","COST-001547","AUD","true","01t1N00000EURLNQA5","3990.0"
"a051N000041nhltQAA","false","COST-001575","AUD","true","01t1N00000EURL9QAP","23.4"
"a051N000041nhlTQAQ","false","COST-001548","AUD","true","01t1N00000EURLOQA5","15960.0"
"a051N000041nhluQAA","false","COST-001576","AUD","true","01t1N00000EURLMQA5","632.1"
"a051N000041nhlUQAQ","false","COST-001549","AUD","true","01t1N00000EURKoQAP","0.0"
"a051N000041nhlvQAA","false","COST-001577","AUD","true","01t1N00000EURKvQAP","1078.7"
"a051N000041nhlVQAQ","false","COST-001550","AUD","true","01t1N00000EURKmQAP","1915.2"
"a051N000041nhlwQAA","false","COST-001578","AUD","true","01t1N00000EURKyQAP","2245.6"
"a051N000041nhlWQAQ","false","COST-001551","AUD","true","01t1N00000EURMIQA5","7980.0"
"a051N000041nhlxQAA","false","COST-001579","AUD","true","01t1N00000EURMOQA5","44.0"
"a051N000041nhlXQAQ","false","COST-001552","AUD","true","01t1N00000EURL1QAP","651.7"
"a051N000041nhlyQAA","false","COST-001580","AUD","true","01t1N00000EURMPQA5","44.0"
"a051N000041nhlYQAQ","false","COST-001553","AUD","true","01t1N00000EURKpQAP","1489.6"
"a051N000041nhlzQAA","false","COST-001581","AUD","true","01t1N00000EURMQQA5","427.8"
"a051N000041nhlZQAQ","false","COST-001554","AUD","true","01t1N00000EURKqQAP","2074.8"
"a051N000041nhm0QAA","false","COST-001582","AUD","true","01t1N00000EURMRQA5","872.4"
"a051N000041nhm1QAA","false","COST-001583","AUD","true","01t1N00000EURKrQAP","1223.4"
"a051N000041nhm2QAA","false","COST-001584","AUD","true","01t1N00000EURMSQA5","2014.4"
"a051N000041nhm3QAA","false","COST-001585","AUD","true","01t1N00000EURMTQA5","2359.8"
"a051N000041nhm4QAA","false","COST-001586","AUD","true","01t1N00000EURMUQA5","1027.8"
"a051N000041nhm5QAA","false","COST-001587","AUD","true","01t1N00000EURLUQA5","1371.3"
"a051N000041nhm6QAA","false","COST-001588","AUD","true","01t1N00000EURMVQA5","1428.6"
"a051N000041nhm7QAA","false","COST-001589","AUD","true","01t1N00000EURMWQA5","1480.2"
"a051N000041nhm8QAA","false","COST-001590","AUD","true","01t1N00000EURMXQA5","1768.9"
"a051N000041nhm9QAA","false","COST-001619","AUD","true","01t1N00000EURLIQA5","2821.6"
"a051N000041nhmaQAA","false","COST-001617","CAD","true","01t1N00000EURLzQAP","427.0"
"a051N000041nhmAQAQ","false","COST-001591","AUD","true","01t1N00000EURMYQA5","3084.8"
"a051N000041nhmbQAA","false","COST-001618","CAD","true","01t1N00000EURLWQA5","781.6"
"a051N000041nhmBQAQ","false","COST-001592","AUD","true","01t1N00000EURMZQA5","0.0"
"a051N000041nhmcQAA","false","COST-001620","CAD","true","01t1N00000EURKxQAP","396.9"
"a051N000041nhmCQAQ","false","COST-001593","AUD","true","01t1N00000EURMaQAP","0.0"
"a051N000041nhmdQAA","false","COST-001621","CAD","true","01t1N00000EURL2QAP","243.0"
"a051N000041nhmDQAQ","false","COST-001594","AUD","true","01t1N00000EURMbQAP","0.0"
"a051N000041nhmeQAA","false","COST-001622","CAD","true","01t1N00000EURM2QAP","445.8"
"a051N000041nhmEQAQ","false","COST-001595","AUD","true","01t1N00000EURMcQAP","0.0"
"a051N000041nhmfQAA","false","COST-001623","CAD","true","01t1N00000EURLRQA5","482.3"
"a051N000041nhmFQAQ","false","COST-001596","AUD","true","01t1N00000EURLTQA5","161.7"
"a051N000041nhmgQAA","false","COST-001624","CAD","true","01t1N00000EURL5QAP","264.8"
"a051N000041nhmGQAQ","false","COST-001597","AUD","true","01t1N00000EURKzQAP","235.2"
"a051N000041nhmhQAA","false","COST-001625","CAD","true","01t1N00000EURL6QAP","288.4"
"a051N000041nhmHQAQ","false","COST-001598","AUD","true","01t1N00000EURKuQAP","446.6"
"a051N000041nhmiQAA","false","COST-001626","CAD","true","01t1N00000EURL7QAP","150.5"
"a051N000041nhmIQAQ","false","COST-001599","AUD","true","01t1N00000EURLrQAP","2288.0"
"a051N000041nhmjQAA","false","COST-001627","CAD","true","01t1N00000EURLcQAP","250.6"
"a051N000041nhmJQAQ","false","COST-001600","AUD","true","01t1N00000EURMdQAP","1064.0"
"a051N000041nhmkQAA","false","COST-001628","CAD","true","01t1N00000EURLEQA5","181.2"
"a051N000041nhmKQAQ","false","COST-001601","AUD","true","01t1N00000EURMeQAP","1596.0"
"a051N000041nhmlQAA","false","COST-001629","CAD","true","01t1N00000EURLgQAP","192.6"
"a051N000041nhmLQAQ","false","COST-001602","AUD","true","01t1N00000EURKeQAP","558.4"
"a051N000041nhmmQAA","false","COST-001630","CAD","true","01t1N00000EURM3QAP","1299.9"
"a051N000041nhmMQAQ","false","COST-001603","AUD","true","01t1N00000EURKfQAP","180.8"
"a051N000041nhmnQAA","false","COST-001631","CAD","true","01t1N00000EURM4QAP","831.2"
"a051N000041nhmNQAQ","false","COST-001604","AUD","true","01t1N00000EURKhQAP","93.1"
"a051N000041nhmoQAA","false","COST-001632","CAD","true","01t1N00000EURL4QAP","4.2"
"a051N000041nhmOQAQ","false","COST-001605","AUD","true","01t1N00000EURKkQAP","233.1"
"a051N000041nhmpQAA","false","COST-001633","CAD","true","01t1N00000EURM5QAP","221.6"
"a051N000041nhmPQAQ","false","COST-001606","AUD","true","01t1N00000EURLHQA5","488.6"
"a051N000041nhmqQAA","false","COST-001634","CAD","true","01t1N00000EURL0QAP","307.8"
"a051N000041nhmQQAQ","false","COST-001607","AUD","true","01t1N00000EURKlQAP","120.0"
"a051N000041nhmrQAA","false","COST-001635","CAD","true","01t1N00000EURM6QAP","52.8"
"a051N000041nhmRQAQ","false","COST-001608","AUD","true","01t1N00000EURKnQAP","239.2"
"a051N000041nhmsQAA","false","COST-001636","CAD","true","01t1N00000EURL3QAP","94.5"
"a051N000041nhmSQAQ","false","COST-001609","AUD","true","01t1N00000EURKiQAP","1.6"
"a051N000041nhmtQAA","false","COST-001637","CAD","true","01t1N00000EURLbQAP","66.5"
"a051N000041nhmTQAQ","false","COST-001610","AUD","true","01t1N00000EURLnQAP","2234.4"
"a051N000041nhmuQAA","false","COST-001638","CAD","true","01t1N00000EURLBQA5","70.4"
"a051N000041nhmUQAQ","false","COST-001611","CAD","true","01t1N00000EURLXQA5","437.6"
"a051N000041nhmvQAA","false","COST-001639","CAD","true","01t1N00000EURMJQA5","243.0"
"a051N000041nhmVQAQ","false","COST-001612","CAD","true","01t1N00000EURLuQAP","439.6"
"a051N000041nhmwQAA","false","COST-001640","CAD","true","01t1N00000EURKwQAP","448.7"
"a051N000041nhmWQAQ","false","COST-001613","CAD","true","01t1N00000EURLvQAP","625.6"
"a051N000041nhmxQAA","false","COST-001641","CAD","true","01t1N00000EURMKQA5","249.6"
"a051N000041nhmXQAQ","false","COST-001614","CAD","true","01t1N00000EURLwQAP","244.8"
"a051N000041nhmyQAA","false","COST-001642","CAD","true","01t1N00000EURLLQA5","448.7"
"a051N000041nhmYQAQ","false","COST-001615","CAD","true","01t1N00000EURLxQAP","476.0"
"a051N000041nhmzQAA","false","COST-001643","CAD","true","01t1N00000EURLKQA5","24.6"
"a051N000041nhmZQAQ","false","COST-001616","CAD","true","01t1N00000EURLyQAP","460.0"
"a051N000041nhn0QAA","false","COST-001644","CAD","true","01t1N00000EURLAQA5","97.2"
"a051N000041nhn1QAA","false","COST-001645","CAD","true","01t1N00000EURMLQA5","165.2"
"a051N000041nhn2QAA","false","COST-001646","CAD","true","01t1N00000EURLaQAP","107.2"
"a051N000041nhn3QAA","false","COST-001647","CAD","true","01t1N00000EURMMQA5","42.7"
"a051N000041nhn4QAA","false","COST-001648","CAD","true","01t1N00000EURMNQA5","59.2"
"a051N000041nhn5QAA","false","COST-001649","CAD","true","01t1N00000EURLYQA5","11.2"
"a051N000041nhn6QAA","false","COST-001650","CAD","true","01t1N00000EURLZQA5","12.8"
"a051N000041nhn7QAA","false","COST-001651","CAD","true","01t1N00000EURLFQA5","10.5"
"a051N000041nhn8QAA","false","COST-001652","CAD","true","01t1N00000EURLhQAP","12.6"
"a051N000041nhn9QAA","false","COST-001653","CAD","true","01t1N00000EURL8QAP","29.4"
"a051N000041nhnaQAA","false","COST-001680","CAD","true","01t1N00000EURLiQAP","251.3"
"a051N000041nhnAQAQ","false","COST-001654","CAD","true","01t1N00000EURL9QAP","23.4"
"a051N000041nhnbQAA","false","COST-001681","CAD","true","01t1N00000EURMAQA5","386.4"
"a051N000041nhnBQAQ","false","COST-001655","CAD","true","01t1N00000EURLMQA5","550.2"
"a051N000041nhncQAA","false","COST-001682","CAD","true","01t1N00000EURKsQAP","637.0"
"a051N000041nhnCQAQ","false","COST-001656","CAD","true","01t1N00000EURKvQAP","1252.0"
"a051N000041nhndQAA","false","COST-001683","CAD","true","01t1N00000EURLJQA5","934.4"
"a051N000041nhnDQAQ","false","COST-001657","CAD","true","01t1N00000EURKyQAP","1953.6"
"a051N000041nhneQAA","false","COST-001684","CAD","true","01t1N00000EURLVQA5","909.0"
"a051N000041nhnEQAQ","false","COST-001658","CAD","true","01t1N00000EURMOQA5","33.0"
"a051N000041nhnfQAA","false","COST-001685","CAD","true","01t1N00000EURMBQA5","361.2"
"a051N000041nhnFQAQ","false","COST-001659","CAD","true","01t1N00000EURMPQA5","44.0"
"a051N000041nhngQAA","false","COST-001686","CAD","true","01t1N00000EURKtQAP","875.2"
"a051N000041nhnGQAQ","false","COST-001660","CAD","true","01t1N00000EURMQQA5","506.8"
"a051N000041nhnhQAA","false","COST-001687","CAD","true","01t1N00000EURMCQA5","0.0"
"a051N000041nhnHQAQ","false","COST-001661","CAD","true","01t1N00000EURMRQA5","1180.8"
"a051N000041nhniQAA","false","COST-001688","CAD","true","01t1N00000EURLGQA5","720.0"
"a051N000041nhnIQAQ","false","COST-001662","CAD","true","01t1N00000EURKrQAP","1449.0"
"a051N000041nhnjQAA","false","COST-001689","CAD","true","01t1N00000EURMDQA5","283.5"
"a051N000041nhnJQAQ","false","COST-001663","CAD","true","01t1N00000EURMSQA5","1789.2"
"a051N000041nhnkQAA","false","COST-001690","CAD","true","01t1N00000EURLdQAP","5309.5"
"a051N000041nhnKQAQ","false","COST-001664","CAD","true","01t1N00000EURMTQA5","3193.6"
"a051N000041nhnlQAA","false","COST-001691","CAD","true","01t1N00000EURLeQAP","0.0"
"a051N000041nhnLQAQ","false","COST-001665","CAD","true","01t1N00000EURMUQA5","1391.2"
"a051N000041nhnmQAA","false","COST-001692","CAD","true","01t1N00000EURMEQA5","0.0"
"a051N000041nhnMQAQ","false","COST-001666","CAD","true","01t1N00000EURLUQA5","1392.3"
"a051N000041nhnnQAA","false","COST-001693","CAD","true","01t1N00000EURLSQA5","1038.8"
"a051N000041nhnNQAQ","false","COST-001667","CAD","true","01t1N00000EURMVQA5","1933.6"
"a051N000041nhnoQAA","false","COST-001694","CAD","true","01t1N00000EURLCQA5","161.4"
"a051N000041nhnOQAQ","false","COST-001668","CAD","true","01t1N00000EURMWQA5","1752.8"
"a051N000041nhnpQAA","false","COST-001695","CAD","true","01t1N00000EURLPQA5","242.4"
"a051N000041nhnPQAQ","false","COST-001669","CAD","true","01t1N00000EURMXQA5","2052.0"
"a051N000041nhnqQAA","false","COST-001696","CAD","true","01t1N00000EURLkQAP","1944.0"
"a051N000041nhnQQAQ","false","COST-001670","CAD","true","01t1N00000EURLIQA5","2864.0"
"a051N000041nhnrQAA","false","COST-001697","CAD","true","01t1N00000EURLlQAP","1458.0"
"a051N000041nhnRQAQ","false","COST-001671","CAD","true","01t1N00000EURMYQA5","2739.8"
"a051N000041nhnsQAA","false","COST-001698","CAD","true","01t1N00000EURLQQA5","0.0"
"a051N000041nhnSQAQ","false","COST-001672","CAD","true","01t1N00000EURMZQA5","0.0"
"a051N000041nhntQAA","false","COST-001699","CAD","true","01t1N00000EURLoQAP","20.4"
"a051N000041nhnTQAQ","false","COST-001673","CAD","true","01t1N00000EURMaQAP","0.0"
"a051N000041nhnuQAA","false","COST-001700","CAD","true","01t1N00000EURLsQAP","75.6"
"a051N000041nhnUQAQ","false","COST-001674","CAD","true","01t1N00000EURMbQAP","0.0"
"a051N000041nhnvQAA","false","COST-001701","CAD","true","01t1N00000EURKcQAP","520.1"
"a051N000041nhnVQAQ","false","COST-001675","CAD","true","01t1N00000EURMcQAP","0.0"
"a051N000041nhnwQAA","false","COST-001702","CAD","true","01t1N00000EURKbQAP","7560.0"
"a051N000041nhnWQAQ","false","COST-001676","CAD","true","01t1N00000EURLTQA5","188.0"
"a051N000041nhnxQAA","false","COST-001703","CAD","true","01t1N00000EURMFQA5","5400.0"
"a051N000041nhnXQAQ","false","COST-001677","CAD","true","01t1N00000EURKzQAP","239.4"
"a051N000041nhnyQAA","false","COST-001704","CAD","true","01t1N00000EURMGQA5","5940.0"
"a051N000041nhnYQAQ","false","COST-001678","CAD","true","01t1N00000EURKuQAP","453.6"
"a051N000041nhnzQAA","false","COST-001705","CAD","true","01t1N00000EURLqQAP","1080.0"
"a051N000041nhnZQAQ","false","COST-001679","CAD","true","01t1N00000EURM9QAP","0.0"
"a051N000041nho0QAA","false","COST-001706","CAD","true","01t1N00000EURKaQAP","5670.0"
"a051N000041nho1QAA","false","COST-001707","CAD","true","01t1N00000EURKZQA5","5670.0"
"a051N000041nho2QAA","false","COST-001708","CAD","true","01t1N00000EURLpQAP","0.0"
"a051N000041nho3QAA","false","COST-001709","CAD","true","01t1N00000EURLmQAP","56.7"
"a051N000041nho4QAA","false","COST-001710","CAD","true","01t1N00000EURMHQA5","9180.0"
"a051N000041nho5QAA","false","COST-001711","CAD","true","01t1N00000EURKdQAP","0.0"
"a051N000041nho6QAA","false","COST-001712","CAD","true","01t1N00000EURKjQAP","182.4"
"a051N000041nho7QAA","false","COST-001713","CAD","true","01t1N00000EURLNQA5","5400.0"
"a051N000041nho8QAA","false","COST-001714","CAD","true","01t1N00000EURLOQA5","21600.0"
"a051N000041nho9QAA","false","COST-001715","CAD","true","01t1N00000EURKoQAP","0.0"
"a051N000041nhoaQAA","false","COST-001742","EUR","true","01t1N00000EURLWQA5","532.8"
"a051N000041nhoAQAQ","false","COST-001716","CAD","true","01t1N00000EURKmQAP","2592.0"
"a051N000041nhobQAA","false","COST-001743","EUR","true","01t1N00000EURKxQAP","270.2"
"a051N000041nhoBQAQ","false","COST-001717","CAD","true","01t1N00000EURMIQA5","7087.5"
"a051N000041nhocQAA","false","COST-001744","EUR","true","01t1N00000EURL2QAP","220.8"
"a051N000041nhoCQAQ","false","COST-001718","CAD","true","01t1N00000EURL1QAP","756.0"
"a051N000041nhodQAA","false","COST-001745","EUR","true","01t1N00000EURM2QAP","354.2"
"a051N000041nhoDQAQ","false","COST-001719","CAD","true","01t1N00000EURKpQAP","1728.0"
"a051N000041nhoeQAA","false","COST-001746","EUR","true","01t1N00000EURLRQA5","281.4"
"a051N000041nhoEQAQ","false","COST-001720","CAD","true","01t1N00000EURKqQAP","2457.0"
"a051N000041nhofQAA","false","COST-001747","EUR","true","01t1N00000EURL5QAP","180.0"
"a051N000041nhoFQAQ","false","COST-001721","CAD","true","01t1N00000EURLfQAP","2646.0"
"a051N000041nhogQAA","false","COST-001748","EUR","true","01t1N00000EURL6QAP","224.8"
"a051N000041nhoGQAQ","false","COST-001722","CAD","true","01t1N00000EURLrQAP","2032.1"
"a051N000041nhohQAA","false","COST-001749","EUR","true","01t1N00000EURL7QAP","87.6"
"a051N000041nhoHQAQ","false","COST-001723","CAD","true","01t1N00000EURMdQAP","945.0"
"a051N000041nhoiQAA","false","COST-001750","EUR","true","01t1N00000EURLcQAP","170.8"
"a051N000041nhoIQAQ","false","COST-001724","CAD","true","01t1N00000EURMeQAP","1620.0"
"a051N000041nhojQAA","false","COST-001751","EUR","true","01t1N00000EURLEQA5","123.6"
"a051N000041nhoJQAQ","false","COST-001725","CAD","true","01t1N00000EURKeQAP","425.4"
"a051N000041nhokQAA","false","COST-001752","EUR","true","01t1N00000EURLgQAP","153.3"
"a051N000041nhoKQAQ","false","COST-001726","CAD","true","01t1N00000EURKfQAP","161.0"
"a051N000041nholQAA","false","COST-001753","EUR","true","01t1N00000EURM3QAP","1012.8"
"a051N000041nhoLQAQ","false","COST-001727","CAD","true","01t1N00000EURKgQAP","324.0"
"a051N000041nhomQAA","false","COST-001754","EUR","true","01t1N00000EURM4QAP","495.6"
"a051N000041nhoMQAQ","false","COST-001728","CAD","true","01t1N00000EURKhQAP","81.0"
"a051N000041nhonQAA","false","COST-001755","EUR","true","01t1N00000EURL4QAP","4.0"
"a051N000041nhoNQAQ","false","COST-001729","CAD","true","01t1N00000EURKkQAP","236.6"
"a051N000041nhooQAA","false","COST-001756","EUR","true","01t1N00000EURM5QAP","151.2"
"a051N000041nhoOQAQ","false","COST-001730","CAD","true","01t1N00000EURLHQA5","425.4"
"a051N000041nhopQAA","false","COST-001757","EUR","true","01t1N00000EURL0QAP","245.0"
"a051N000041nhoPQAQ","false","COST-001731","CAD","true","01t1N00000EURKlQAP","162.4"
"a051N000041nhoqQAA","false","COST-001758","EUR","true","01t1N00000EURM6QAP","36.0"
"a051N000041nhoQQAQ","false","COST-001732","CAD","true","01t1N00000EURKnQAP","182.4"
"a051N000041nhorQAA","false","COST-001759","EUR","true","01t1N00000EURL3QAP","64.4"
"a051N000041nhoRQAQ","false","COST-001733","CAD","true","01t1N00000EURKiQAP","1.2"
"a051N000041nhosQAA","false","COST-001760","EUR","true","01t1N00000EURLbQAP","44.8"
"a051N000041nhoSQAQ","false","COST-001734","CAD","true","01t1N00000EURLnQAP","2592.0"
"a051N000041nhotQAA","false","COST-001761","EUR","true","01t1N00000EURLBQA5","48.0"
"a051N000041nhoTQAQ","false","COST-001735","EUR","true","01t1N00000EURLXQA5","299.6"
"a051N000041nhouQAA","false","COST-001762","EUR","true","01t1N00000EURMJQA5","165.6"
"a051N000041nhoUQAQ","false","COST-001736","EUR","true","01t1N00000EURLuQAP","299.6"
"a051N000041nhovQAA","false","COST-001763","EUR","true","01t1N00000EURKwQAP","305.9"
"a051N000041nhoVQAQ","false","COST-001737","EUR","true","01t1N00000EURLvQAP","319.8"
"a051N000041nhowQAA","false","COST-001764","EUR","true","01t1N00000EURMKQA5","226.4"
"a051N000041nhoWQAQ","false","COST-001738","EUR","true","01t1N00000EURLwQAP","166.8"
"a051N000041nhoxQAA","false","COST-001765","EUR","true","01t1N00000EURLLQA5","349.6"
"a051N000041nhoXQAQ","false","COST-001739","EUR","true","01t1N00000EURLxQAP","324.1"
"a051N000041nhoyQAA","false","COST-001766","EUR","true","01t1N00000EURLKQA5","16.8"
"a051N000041nhoYQAQ","false","COST-001740","EUR","true","01t1N00000EURLyQAP","274.4"
"a051N000041nhozQAA","false","COST-001767","EUR","true","01t1N00000EURLAQA5","66.0"
"a051N000041nhoZQAQ","false","COST-001741","EUR","true","01t1N00000EURLzQAP","332.8"
"a051N000041nhp0QAA","false","COST-001768","EUR","true","01t1N00000EURMLQA5","112.7"
"a051N000041nhp1QAA","false","COST-001769","EUR","true","01t1N00000EURLaQAP","72.8"
"a051N000041nhp2QAA","false","COST-001770","EUR","true","01t1N00000EURMMQA5","32.8"
"a051N000041nhp3QAA","false","COST-001771","EUR","true","01t1N00000EURMNQA5","40.8"
"a051N000041nhp4QAA","false","COST-001772","EUR","true","01t1N00000EURLYQA5","5.4"
"a051N000041nhp5QAA","false","COST-001773","EUR","true","01t1N00000EURLZQA5","6.6"
"a051N000041nhp6QAA","false","COST-001774","EUR","true","01t1N00000EURLFQA5","7.0"
"a051N000041nhp7QAA","false","COST-001775","EUR","true","01t1N00000EURLhQAP","9.6"
"a051N000041nhp8QAA","false","COST-001776","EUR","true","01t1N00000EURL8QAP","26.4"
"a051N000041nhp9QAA","false","COST-001777","EUR","true","01t1N00000EURL9QAP","16.2"
"a051N000041nhpaQAA","false","COST-001804","EUR","true","01t1N00000EURM7QAP","0.0"
"a051N000041nhpAQAQ","false","COST-001778","EUR","true","01t1N00000EURLMQA5","375.0"
"a051N000041nhpbQAA","false","COST-001805","EUR","true","01t1N00000EURM8QAP","0.0"
"a051N000041nhpBQAQ","false","COST-001779","EUR","true","01t1N00000EURKvQAP","639.6"
"a051N000041nhpcQAA","false","COST-001806","EUR","true","01t1N00000EURM9QAP","0.0"
"a051N000041nhpCQAQ","false","COST-001780","EUR","true","01t1N00000EURKyQAP","1775.2"
"a051N000041nhpdQAA","false","COST-001807","EUR","true","01t1N00000EURLiQAP","196.0"
"a051N000041nhpDQAQ","false","COST-001781","EUR","true","01t1N00000EURMOQA5","22.8"
"a051N000041nhpeQAA","false","COST-001808","EUR","true","01t1N00000EURMAQA5","300.8"
"a051N000041nhpEQAQ","false","COST-001782","EUR","true","01t1N00000EURMPQA5","30.4"
"a051N000041nhpfQAA","false","COST-001809","EUR","true","01t1N00000EURKsQAP","496.0"
"a051N000041nhpFQAQ","false","COST-001783","EUR","true","01t1N00000EURMQQA5","295.8"
"a051N000041nhpgQAA","false","COST-001810","EUR","true","01t1N00000EURLJQA5","477.6"
"a051N000041nhpGQAQ","false","COST-001784","EUR","true","01t1N00000EURMRQA5","603.6"
"a051N000041nhphQAA","false","COST-001811","EUR","true","01t1N00000EURLVQA5","722.4"
"a051N000041nhpHQAQ","false","COST-001785","EUR","true","01t1N00000EURKrQAP","846.0"
"a051N000041nhpiQAA","false","COST-001812","EUR","true","01t1N00000EURMBQA5","287.0"
"a051N000041nhpIQAQ","false","COST-001786","EUR","true","01t1N00000EURMSQA5","1045.2"
"a051N000041nhpjQAA","false","COST-001813","EUR","true","01t1N00000EURKtQAP","596.0"
"a051N000041nhpJQAQ","false","COST-001787","EUR","true","01t1N00000EURMTQA5","1904.0"
"a051N000041nhpkQAA","false","COST-001814","EUR","true","01t1N00000EURMCQA5","0.0"
"a051N000041nhpKQAQ","false","COST-001788","EUR","true","01t1N00000EURMUQA5","711.0"
"a051N000041nhplQAA","false","COST-001815","EUR","true","01t1N00000EURLGQA5","490.4"
"a051N000041nhpLQAQ","false","COST-001789","EUR","true","01t1N00000EURLUQA5","1084.0"
"a051N000041nhpmQAA","false","COST-001816","EUR","true","01t1N00000EURMDQA5","193.2"
"a051N000041nhpMQAQ","false","COST-001790","EUR","true","01t1N00000EURMVQA5","1152.9"
"a051N000041nhpnQAA","false","COST-001817","EUR","true","01t1N00000EURLdQAP","4135.2"
"a051N000041nhpNQAQ","false","COST-001791","EUR","true","01t1N00000EURMWQA5","1365.6"
"a051N000041nhpoQAA","false","COST-001818","EUR","true","01t1N00000EURLeQAP","0.0"
"a051N000041nhpOQAQ","false","COST-001792","EUR","true","01t1N00000EURMXQA5","1398.4"
"a051N000041nhppQAA","false","COST-001819","EUR","true","01t1N00000EURMEQA5","0.0"
"a051N000041nhpPQAQ","false","COST-001793","EUR","true","01t1N00000EURLIQA5","1464.0"
"a051N000041nhpqQAA","false","COST-001820","EUR","true","01t1N00000EURLSQA5","707.7"
"a051N000041nhpQQAQ","false","COST-001794","EUR","true","01t1N00000EURMYQA5","2133.6"
"a051N000041nhprQAA","false","COST-001821","EUR","true","01t1N00000EURLCQA5","109.8"
"a051N000041nhpRQAQ","false","COST-001795","EUR","true","01t1N00000EURMZQA5","0.0"
"a051N000041nhpsQAA","false","COST-001822","EUR","true","01t1N00000EURLPQA5","220.0"
"a051N000041nhpSQAQ","false","COST-001796","EUR","true","01t1N00000EURMaQAP","0.0"
"a051N000041nhptQAA","false","COST-001823","EUR","true","01t1N00000EURLkQAP","1324.8"
"a051N000041nhpTQAQ","false","COST-001797","EUR","true","01t1N00000EURMbQAP","0.0"
"a051N000041nhpuQAA","false","COST-001824","EUR","true","01t1N00000EURLlQAP","993.6"
"a051N000041nhpUQAQ","false","COST-001798","EUR","true","01t1N00000EURMcQAP","0.0"
"a051N000041nhpvQAA","false","COST-001825","EUR","true","01t1N00000EURLQQA5","0.0"
"a051N000041nhpVQAQ","false","COST-001799","EUR","true","01t1N00000EURLTQA5","112.0"
"a051N000041nhpwQAA","false","COST-001826","EUR","true","01t1N00000EURLoQAP","16.1"
"a051N000041nhpWQAQ","false","COST-001800","EUR","true","01t1N00000EURKzQAP","139.8"
"a051N000041nhpxQAA","false","COST-001827","EUR","true","01t1N00000EURLsQAP","51.8"
"a051N000041nhpXQAQ","false","COST-001801","EUR","true","01t1N00000EURKuQAP","309.4"
"a051N000041nhpyQAA","false","COST-001828","EUR","true","01t1N00000EURKcQAP","303.6"
"a051N000041nhpYQAQ","false","COST-001802","EUR","true","01t1N00000EURM0QAP","0.0"
"a051N000041nhpzQAA","false","COST-001829","EUR","true","01t1N00000EURKbQAP","4416.0"
"a051N000041nhpZQAQ","false","COST-001803","EUR","true","01t1N00000EURM1QAP","0.0"
"a051N000041nhq0QAA","false","COST-001830","EUR","true","01t1N00000EURMFQA5","2760.0"
"a051N000041nhq1QAA","false","COST-001831","EUR","true","01t1N00000EURMGQA5","4048.0"
"a051N000041nhq2QAA","false","COST-001832","EUR","true","01t1N00000EURLqQAP","644.0"
"a051N000041nhq3QAA","false","COST-001833","EUR","true","01t1N00000EURKaQAP","3312.0"
"a051N000041nhq4QAA","false","COST-001834","EUR","true","01t1N00000EURKZQA5","3864.0"
"a051N000041nhq5QAA","false","COST-001835","EUR","true","01t1N00000EURLpQAP","0.0"
"a051N000041nhq6QAA","false","COST-001836","EUR","true","01t1N00000EURLmQAP","38.5"
"a051N000041nhq7QAA","false","COST-001837","EUR","true","01t1N00000EURMHQA5","4692.0"
"a051N000041nhq8QAA","false","COST-001838","EUR","true","01t1N00000EURKdQAP","0.0"
"a051N000041nhq9QAA","false","COST-001839","EUR","true","01t1N00000EURKjQAP","124.2"
"a051N000041nhqaQAA","false","COST-001866","GBP","true","01t1N00000EURLxQAP","238.8"
"a051N000041nhqAQAQ","false","COST-001840","EUR","true","01t1N00000EURLNQA5","3680.0"
"a051N000041nhqbQAA","false","COST-001867","GBP","true","01t1N00000EURLyQAP","235.2"
"a051N000041nhqBQAQ","false","COST-001841","EUR","true","01t1N00000EURLOQA5","12880.0"
"a051N000041nhqcQAA","false","COST-001868","GBP","true","01t1N00000EURLzQAP","249.9"
"a051N000041nhqCQAQ","false","COST-001842","EUR","true","01t1N00000EURKoQAP","0.0"
"a051N000041nhqdQAA","false","COST-001869","GBP","true","01t1N00000EURLWQA5","343.2"
"a051N000041nhqDQAQ","false","COST-001843","EUR","true","01t1N00000EURKmQAP","1766.4"
"a051N000041nhqeQAA","false","COST-001870","GBP","true","01t1N00000EURKxQAP","265.6"
"a051N000041nhqEQAQ","false","COST-001844","EUR","true","01t1N00000EURMIQA5","5520.0"
"a051N000041nhqfQAA","false","COST-001871","GBP","true","01t1N00000EURL2QAP","165.9"
"a051N000041nhqFQAQ","false","COST-001845","EUR","true","01t1N00000EURL1QAP","515.2"
"a051N000041nhqgQAA","false","COST-001872","GBP","true","01t1N00000EURM2QAP","304.5"
"a051N000041nhqGQAQ","false","COST-001846","EUR","true","01t1N00000EURKpQAP","1177.6"
"a051N000041nhqhQAA","false","COST-001873","GBP","true","01t1N00000EURLRQA5","241.8"
"a051N000041nhqHQAQ","false","COST-001847","EUR","true","01t1N00000EURKqQAP","1913.6"
"a051N000041nhqiQAA","false","COST-001874","GBP","true","01t1N00000EURL5QAP","116.4"
"a051N000041nhqIQAQ","false","COST-001848","EUR","true","01t1N00000EURLfQAP","2060.8"
"a051N000041nhqjQAA","false","COST-001875","GBP","true","01t1N00000EURL6QAP","144.6"
"a051N000041nhqJQAQ","false","COST-001849","EUR","true","01t1N00000EURLrQAP","1384.6"
"a051N000041nhqkQAA","false","COST-001876","GBP","true","01t1N00000EURL7QAP","75.6"
"a051N000041nhqKQAQ","false","COST-001850","EUR","true","01t1N00000EURMdQAP","552.0"
"a051N000041nhqlQAA","false","COST-001877","GBP","true","01t1N00000EURLcQAP","167.2"
"a051N000041nhqLQAQ","false","COST-001851","EUR","true","01t1N00000EURMeQAP","1104.0"
"a051N000041nhqmQAA","false","COST-001878","GBP","true","01t1N00000EURLEQA5","106.2"
"a051N000041nhqMQAQ","false","COST-001852","EUR","true","01t1N00000EURKeQAP","386.4"
"a051N000041nhqnQAA","false","COST-001879","GBP","true","01t1N00000EURLgQAP","131.6"
"a051N000041nhqNQAQ","false","COST-001853","EUR","true","01t1N00000EURKfQAP","109.2"
"a051N000041nhqoQAA","false","COST-001880","GBP","true","01t1N00000EURM3QAP","652.2"
"a051N000041nhqOQAQ","false","COST-001854","EUR","true","01t1N00000EURKgQAP","165.6"
"a051N000041nhqpQAA","false","COST-001881","GBP","true","01t1N00000EURM4QAP","486.4"
"a051N000041nhqPQAQ","false","COST-001855","EUR","true","01t1N00000EURKhQAP","64.4"
"a051N000041nhqqQAA","false","COST-001882","GBP","true","01t1N00000EURL4QAP","3.2"
"a051N000041nhqQQAQ","false","COST-001856","EUR","true","01t1N00000EURKkQAP","184.0"
"a051N000041nhqrQAA","false","COST-001883","GBP","true","01t1N00000EURM5QAP","129.6"
"a051N000041nhqRQAQ","false","COST-001857","EUR","true","01t1N00000EURLHQA5","338.1"
"a051N000041nhqsQAA","false","COST-001884","GBP","true","01t1N00000EURL0QAP","180.0"
"a051N000041nhqSQAQ","false","COST-001858","EUR","true","01t1N00000EURKlQAP","82.8"
"a051N000041nhqtQAA","false","COST-001885","GBP","true","01t1N00000EURM6QAP","35.7"
"a051N000041nhqTQAQ","false","COST-001859","EUR","true","01t1N00000EURKnQAP","144.9"
"a051N000041nhquQAA","false","COST-001886","GBP","true","01t1N00000EURL3QAP","63.2"
"a051N000041nhqUQAQ","false","COST-001860","EUR","true","01t1N00000EURKiQAP","0.8"
"a051N000041nhqvQAA","false","COST-001887","GBP","true","01t1N00000EURLbQAP","33.0"
"a051N000041nhqVQAQ","false","COST-001861","EUR","true","01t1N00000EURLnQAP","1324.8"
"a051N000041nhqwQAA","false","COST-001888","GBP","true","01t1N00000EURLBQA5","30.6"
"a051N000041nhqWQAQ","false","COST-001862","GBP","true","01t1N00000EURLXQA5","256.0"
"a051N000041nhqxQAA","false","COST-001889","GBP","true","01t1N00000EURMJQA5","142.2"
"a051N000041nhqXQAQ","false","COST-001863","GBP","true","01t1N00000EURLuQAP","220.8"
"a051N000041nhqyQAA","false","COST-001890","GBP","true","01t1N00000EURKwQAP","262.5"
"a051N000041nhqYQAQ","false","COST-001864","GBP","true","01t1N00000EURLvQAP","320.6"
"a051N000041nhqzQAA","false","COST-001891","GBP","true","01t1N00000EURMKQA5","170.1"
"a051N000041nhqZQAQ","false","COST-001865","GBP","true","01t1N00000EURLwQAP","143.4"
"a051N000041nhr0QAA","false","COST-001892","GBP","true","01t1N00000EURLLQA5","262.5"
"a051N000041nhr1QAA","false","COST-001893","GBP","true","01t1N00000EURLKQA5","14.4"
"a051N000041nhr2QAA","false","COST-001894","GBP","true","01t1N00000EURLAQA5","76.0"
"a051N000041nhr3QAA","false","COST-001895","GBP","true","01t1N00000EURMLQA5","82.8"
"a051N000041nhr4QAA","false","COST-001896","GBP","true","01t1N00000EURLaQAP","62.4"
"a051N000041nhr5QAA","false","COST-001897","GBP","true","01t1N00000EURMMQA5","25.2"
"a051N000041nhr6QAA","false","COST-001898","GBP","true","01t1N00000EURMNQA5","30.1"
"a051N000041nhr7QAA","false","COST-001899","GBP","true","01t1N00000EURLYQA5","6.4"
"a051N000041nhr8QAA","false","COST-001900","GBP","true","01t1N00000EURLZQA5","5.4"
"a051N000041nhr9QAA","false","COST-001901","GBP","true","01t1N00000EURLFQA5","6.3"
"a051N000041nhraQAA","false","COST-001928","GBP","true","01t1N00000EURKuQAP","265.3"
"a051N000041nhrAQAQ","false","COST-001902","GBP","true","01t1N00000EURLhQAP","7.0"
"a051N000041nhrbQAA","false","COST-001929","GBP","true","01t1N00000EURM0QAP","0.0"
"a051N000041nhrBQAQ","false","COST-001903","GBP","true","01t1N00000EURL8QAP","16.8"
"a051N000041nhrcQAA","false","COST-001930","GBP","true","01t1N00000EURM1QAP","0.0"
"a051N000041nhrCQAQ","false","COST-001904","GBP","true","01t1N00000EURL9QAP","13.8"
"a051N000041nhrdQAA","false","COST-001931","GBP","true","01t1N00000EURM7QAP","0.0"
"a051N000041nhrDQAQ","false","COST-001905","GBP","true","01t1N00000EURLMQA5","428.8"
"a051N000041nhreQAA","false","COST-001932","GBP","true","01t1N00000EURM8QAP","0.0"
"a051N000041nhrEQAQ","false","COST-001906","GBP","true","01t1N00000EURKvQAP","641.2"
"a051N000041nhrfQAA","false","COST-001933","GBP","true","01t1N00000EURM9QAP","0.0"
"a051N000041nhrFQAQ","false","COST-001907","GBP","true","01t1N00000EURKyQAP","1143.0"
"a051N000041nhrgQAA","false","COST-001934","GBP","true","01t1N00000EURLiQAP","168.0"
"a051N000041nhrGQAQ","false","COST-001908","GBP","true","01t1N00000EURMOQA5","19.2"
"a051N000041nhrhQAA","false","COST-001935","GBP","true","01t1N00000EURMAQA5","258.4"
"a051N000041nhrHQAQ","false","COST-001909","GBP","true","01t1N00000EURMPQA5","25.6"
"a051N000041nhriQAA","false","COST-001936","GBP","true","01t1N00000EURKsQAP","372.4"
"a051N000041nhrIQAQ","false","COST-001910","GBP","true","01t1N00000EURMQQA5","253.8"
"a051N000041nhrjQAA","false","COST-001937","GBP","true","01t1N00000EURLJQA5","409.8"
"a051N000041nhrJQAQ","false","COST-001911","GBP","true","01t1N00000EURMRQA5","690.4"
"a051N000041nhrkQAA","false","COST-001938","GBP","true","01t1N00000EURLVQA5","708.8"
"a051N000041nhrKQAQ","false","COST-001912","GBP","true","01t1N00000EURKrQAP","726.6"
"a051N000041nhrlQAA","false","COST-001939","GBP","true","01t1N00000EURMBQA5","211.2"
"a051N000041nhrLQAQ","false","COST-001913","GBP","true","01t1N00000EURMSQA5","897.0"
"a051N000041nhrmQAA","false","COST-001940","GBP","true","01t1N00000EURKtQAP","448.0"
"a051N000041nhrMQAQ","false","COST-001914","GBP","true","01t1N00000EURMTQA5","1401.6"
"a051N000041nhrnQAA","false","COST-001941","GBP","true","01t1N00000EURMCQA5","0.0"
"a051N000041nhrNQAQ","false","COST-001915","GBP","true","01t1N00000EURMUQA5","712.6"
"a051N000041nhroQAA","false","COST-001942","GBP","true","01t1N00000EURLGQA5","368.9"
"a051N000041nhrOQAQ","false","COST-001916","GBP","true","01t1N00000EURLUQA5","931.2"
"a051N000041nhrpQAA","false","COST-001943","GBP","true","01t1N00000EURMDQA5","165.9"
"a051N000041nhrPQAQ","false","COST-001917","GBP","true","01t1N00000EURMVQA5","848.4"
"a051N000041nhrqQAA","false","COST-001944","GBP","true","01t1N00000EURLdQAP","2663.4"
"a051N000041nhrQQAQ","false","COST-001918","GBP","true","01t1N00000EURMWQA5","1172.0"
"a051N000041nhrrQAA","false","COST-001945","GBP","true","01t1N00000EURLeQAP","0.0"
"a051N000041nhrRQAQ","false","COST-001919","GBP","true","01t1N00000EURMXQA5","900.6"
"a051N000041nhrsQAA","false","COST-001946","GBP","true","01t1N00000EURMEQA5","0.0"
"a051N000041nhrSQAQ","false","COST-001920","GBP","true","01t1N00000EURLIQA5","1466.5"
"a051N000041nhrtQAA","false","COST-001947","GBP","true","01t1N00000EURLSQA5","520.8"
"a051N000041nhrTQAQ","false","COST-001921","GBP","true","01t1N00000EURMYQA5","1374.0"
"a051N000041nhruQAA","false","COST-001948","GBP","true","01t1N00000EURLCQA5","94.2"
"a051N000041nhrUQAQ","false","COST-001922","GBP","true","01t1N00000EURMZQA5","0.0"
"a051N000041nhrvQAA","false","COST-001949","GBP","true","01t1N00000EURLPQA5","141.6"
"a051N000041nhrVQAQ","false","COST-001923","GBP","true","01t1N00000EURMaQAP","0.0"
"a051N000041nhrwQAA","false","COST-001950","GBP","true","01t1N00000EURLkQAP","1327.2"
"a051N000041nhrWQAQ","false","COST-001924","GBP","true","01t1N00000EURMbQAP","0.0"
"a051N000041nhrxQAA","false","COST-001951","GBP","true","01t1N00000EURLlQAP","1137.6"
"a051N000041nhrXQAQ","false","COST-001925","GBP","true","01t1N00000EURMcQAP","0.0"
"a051N000041nhryQAA","false","COST-001952","GBP","true","01t1N00000EURLQQA5","0.0"
"a051N000041nhrYQAQ","false","COST-001926","GBP","true","01t1N00000EURLTQA5","109.6"
"a051N000041nhrzQAA","false","COST-001953","GBP","true","01t1N00000EURLoQAP","12.0"
"a051N000041nhrZQAQ","false","COST-001927","GBP","true","01t1N00000EURKzQAP","160.0"
"a051N000041nhs0QAA","false","COST-001954","GBP","true","01t1N00000EURLsQAP","37.8"
"a051N000041nhs1QAA","false","COST-001955","GBP","true","01t1N00000EURKcQAP","261.0"
"a051N000041nhs2QAA","false","COST-001956","GBP","true","01t1N00000EURKbQAP","4424.0"
"a051N000041nhs3QAA","false","COST-001957","GBP","true","01t1N00000EURMFQA5","2765.0"
"a051N000041nhs4QAA","false","COST-001958","GBP","true","01t1N00000EURMGQA5","2607.0"
"a051N000041nhs5QAA","false","COST-001959","GBP","true","01t1N00000EURLqQAP","632.0"
"a051N000041nhs6QAA","false","COST-001960","GBP","true","01t1N00000EURKaQAP","3318.0"
"a051N000041nhs7QAA","false","COST-001961","GBP","true","01t1N00000EURKZQA5","4424.0"
"a051N000041nhs8QAA","false","COST-001962","GBP","true","01t1N00000EURLpQAP","0.0"
"a051N000041nhs9QAA","false","COST-001963","GBP","true","01t1N00000EURLmQAP","32.9"
"a051N000041nhsaQAA","false","COST-001990","USD","true","01t1N00000EURLuQAP","279.3"
"a051N000041nhsAQAQ","false","COST-001964","GBP","true","01t1N00000EURMHQA5","4700.5"
"a051N000041nhsbQAA","false","COST-001991","USD","true","01t1N00000EURLvQAP","463.6"
"a051N000041nhsBQAQ","false","COST-001965","GBP","true","01t1N00000EURKdQAP","0.0"
"a051N000041nhscQAA","false","COST-001992","USD","true","01t1N00000EURLwQAP","211.47"
"a051N000041nhsCQAQ","false","COST-001966","GBP","true","01t1N00000EURKjQAP","142.4"
"a051N000041nhsdQAA","false","COST-001993","USD","true","01t1N00000EURLxQAP","302.1"
"a051N000041nhsDQAQ","false","COST-001967","GBP","true","01t1N00000EURLNQA5","2370.0"
"a051N000041nhseQAA","false","COST-001994","USD","true","01t1N00000EURLyQAP","340.48"
"a051N000041nhsEQAQ","false","COST-001968","GBP","true","01t1N00000EURLOQA5","11060.0"
"a051N000041nhsfQAA","false","COST-001995","USD","true","01t1N00000EURLzQAP","316.54"
"a051N000041nhsFQAQ","false","COST-001969","GBP","true","01t1N00000EURKoQAP","0.0"
"a051N000041nhsgQAA","false","COST-001996","USD","true","01t1N00000EURLWQA5","506.8"
"a051N000041nhsGQAQ","false","COST-001970","GBP","true","01t1N00000EURKmQAP","1137.6"
"a051N000041nhshQAA","false","COST-001997","USD","true","01t1N00000EURKxQAP","252.0"
"a051N000041nhsHQAQ","false","COST-001971","GBP","true","01t1N00000EURMIQA5","3555.0"
"a051N000041nhsiQAA","false","COST-001998","USD","true","01t1N00000EURL2QAP","180.0"
"a051N000041nhsIQAQ","false","COST-001972","GBP","true","01t1N00000EURL1QAP","331.8"
"a051N000041nhsjQAA","false","COST-001999","USD","true","01t1N00000EURM2QAP","330.0"
"a051N000041nhsJQAQ","false","COST-001973","GBP","true","01t1N00000EURKpQAP","1011.2"
"a051N000041nhskQAA","false","COST-002000","USD","true","01t1N00000EURLRQA5","306.0"
"a051N000041nhsKQAQ","false","COST-001974","GBP","true","01t1N00000EURKqQAP","1232.4"
"a051N000041nhslQAA","false","COST-002001","USD","true","01t1N00000EURL5QAP","171.5"
"a051N000041nhsLQAQ","false","COST-001975","GBP","true","01t1N00000EURLfQAP","1769.6"
"a051N000041nhsmQAA","false","COST-002002","USD","true","01t1N00000EURL6QAP","213.5"
"a051N000041nhsMQAQ","false","COST-001976","GBP","true","01t1N00000EURLrQAP","1019.4"
"a051N000041nhsnQAA","false","COST-002003","USD","true","01t1N00000EURL7QAP","127.2"
"a051N000041nhsNQAQ","false","COST-001977","GBP","true","01t1N00000EURMdQAP","474.0"
"a051N000041nhsoQAA","false","COST-002004","USD","true","01t1N00000EURLcQAP","159.0"
"a051N000041nhsOQAQ","false","COST-001978","GBP","true","01t1N00000EURMeQAP","711.0"
"a051N000041nhspQAA","false","COST-002005","USD","true","01t1N00000EURLEQA5","134.4"
"a051N000041nhsPQAQ","false","COST-001979","GBP","true","01t1N00000EURKeQAP","290.5"
"a051N000041nhsqQAA","false","COST-002006","USD","true","01t1N00000EURLgQAP","166.6"
"a051N000041nhsQQAQ","false","COST-001980","GBP","true","01t1N00000EURKfQAP","93.8"
"a051N000041nhsrQAA","false","COST-002007","USD","true","01t1N00000EURM3QAP","1100.48"
"a051N000041nhsRQAQ","false","COST-001981","GBP","true","01t1N00000EURKgQAP","165.9"
"a051N000041nhssQAA","false","COST-002008","USD","true","01t1N00000EURM4QAP","615.6"
"a051N000041nhsSQAQ","false","COST-001982","GBP","true","01t1N00000EURKhQAP","63.2"
"a051N000041nhstQAA","false","COST-002009","USD","true","01t1N00000EURL4QAP","4.0"
"a051N000041nhsTQAQ","false","COST-001983","GBP","true","01t1N00000EURKkQAP","118.8"
"a051N000041nhsuQAA","false","COST-002010","USD","true","01t1N00000EURM5QAP","143.5"
"a051N000041nhsUQAQ","false","COST-001984","GBP","true","01t1N00000EURLHQA5","332.0"
"a051N000041nhsvQAA","false","COST-002011","USD","true","01t1N00000EURL0QAP","228.0"
"a051N000041nhsVQAQ","false","COST-001985","GBP","true","01t1N00000EURKlQAP","71.4"
"a051N000041nhswQAA","false","COST-002012","USD","true","01t1N00000EURM6QAP","52.0"
"a051N000041nhsWQAQ","false","COST-001986","GBP","true","01t1N00000EURKnQAP","106.8"
"a051N000041nhsxQAA","false","COST-002013","USD","true","01t1N00000EURL3QAP","70.0"
"a051N000041nhsXQAQ","false","COST-001987","GBP","true","01t1N00000EURKiQAP","0.7"
"a051N000041nhsyQAA","false","COST-002014","USD","true","01t1N00000EURLbQAP","49.0"
"a051N000041nhsYQAQ","false","COST-001988","GBP","true","01t1N00000EURLnQAP","1137.6"
"a051N000041nhszQAA","false","COST-002015","USD","true","01t1N00000EURLBQA5","52.0"
"a051N000041nhsZQAQ","false","COST-001989","USD","true","01t1N00000EURLXQA5","243.0"
"a051N000041nht0QAA","false","COST-002016","USD","true","01t1N00000EURMJQA5","180.0"
"a051N000041nht1QAA","false","COST-002017","USD","true","01t1N00000EURKwQAP","285.0"
"a051N000041nht2QAA","false","COST-002018","USD","true","01t1N00000EURMKQA5","246.4"
"a051N000041nht3QAA","false","COST-002019","USD","true","01t1N00000EURLLQA5","380.0"
"a051N000041nht4QAA","false","COST-002020","USD","true","01t1N00000EURLKQA5","21.0"
"a051N000041nht5QAA","false","COST-002021","USD","true","01t1N00000EURLAQA5","84.0"
"a051N000041nht6QAA","false","COST-002022","USD","true","01t1N00000EURMLQA5","105.0"
"a051N000041nht7QAA","false","COST-002023","USD","true","01t1N00000EURLaQAP","69.3"
"a051N000041nht8QAA","false","COST-002024","USD","true","01t1N00000EURMMQA5","31.5"
"a051N000041nht9QAA","false","COST-002025","USD","true","01t1N00000EURMNQA5","38.5"
"a051N000041nhtaQAA","false","COST-001402","USD","true","01t1N00000EURMcQAP","0.0"
"a051N000041nhtAQAQ","false","COST-002026","USD","true","01t1N00000EURLYQA5","6.0"
"a051N000041nhtbQAA","false","COST-001403","USD","true","01t1N00000EURLTQA5","121.8"
"a051N000041nhtBQAQ","false","COST-002027","USD","true","01t1N00000EURLZQA5","8.4"
"a051N000041nhtcQAA","false","COST-001404","USD","true","01t1N00000EURKzQAP","177.1"
"a051N000041nhtCQAQ","false","COST-002028","USD","true","01t1N00000EURLFQA5","7.7"
"a051N000041nhtdQAA","false","COST-001405","USD","true","01t1N00000EURKuQAP","384.0"
"a051N000041nhtDQAQ","false","COST-002029","USD","true","01t1N00000EURLhQAP","10.4"
"a051N000041nhteQAA","false","COST-001406","USD","true","01t1N00000EURM0QAP","0.0"
"a051N000041nhtEQAQ","false","COST-002030","USD","true","01t1N00000EURL8QAP","21.6"
"a051N000041nhtfQAA","false","COST-001407","USD","true","01t1N00000EURM1QAP","0.0"
"a051N000041nhtFQAQ","false","COST-002031","USD","true","01t1N00000EURL9QAP","17.4"
"a051N000041nhtgQAA","false","COST-001408","USD","true","01t1N00000EURM7QAP","0.0"
"a051N000041nhtGQAQ","false","COST-002032","USD","true","01t1N00000EURLMQA5","543.2"
"a051N000041nhthQAA","false","COST-001409","USD","true","01t1N00000EURM8QAP","0.0"
"a051N000041nhtHQAQ","false","COST-002033","USD","true","01t1N00000EURKvQAP","811.3"
"a051N000041nhtiQAA","false","COST-001410","USD","true","01t1N00000EURM9QAP","0.0"
"a051N000041nhtIQAQ","false","COST-002034","USD","true","01t1N00000EURKyQAP","1688.4"
"a051N000041nhtjQAA","false","COST-001411","USD","true","01t1N00000EURLiQAP","212.8"
"a051N000041nhtJQAQ","false","COST-002035","USD","true","01t1N00000EURMOQA5","24.6"
"a051N000041nhtkQAA","false","COST-001412","USD","true","01t1N00000EURMAQA5","286.3"
"a051N000041nhtKQAQ","false","COST-002036","USD","true","01t1N00000EURMPQA5","24.6"
"a051N000041nhtlQAA","false","COST-001413","USD","true","01t1N00000EURKsQAP","539.2"
"a051N000041nhtLQAQ","false","COST-002037","USD","true","01t1N00000EURMQQA5","321.6"
"a051N000041nhtmQAA","false","COST-001414","USD","true","01t1N00000EURLJQA5","519.0"
"a051N000041nhtMQAQ","false","COST-002038","USD","true","01t1N00000EURMRQA5","874.4"
"a051N000041nhtnQAA","false","COST-001415","USD","true","01t1N00000EURLVQA5","673.2"
"a051N000041nhtNQAQ","false","COST-002039","USD","true","01t1N00000EURKrQAP","1073.1"
"a051N000041nhtoQAA","false","COST-001416","USD","true","01t1N00000EURMBQA5","267.6"
"a051N000041nhtOQAQ","false","COST-002040","USD","true","01t1N00000EURMSQA5","1514.4"
"a051N000041nhtpQAA","false","COST-001417","USD","true","01t1N00000EURKtQAP","648.0"
"a051N000041nhtPQAQ","false","COST-001391","USD","true","01t1N00000EURMTQA5","2365.6"
"a051N000041nhtqQAA","false","COST-001418","USD","true","01t1N00000EURMCQA5","0.0"
"a051N000041nhtQQAQ","false","COST-001392","USD","true","01t1N00000EURMUQA5","1030.4"
"a051N000041nhtrQAA","false","COST-001419","USD","true","01t1N00000EURLGQA5","533.192"
"a051N000041nhtRQAQ","false","COST-001393","USD","true","01t1N00000EURLUQA5","1178.4"
"a051N000041nhtsQAA","false","COST-001420","USD","true","01t1N00000EURMDQA5","209.993"
"a051N000041nhtSQAQ","false","COST-001394","USD","true","01t1N00000EURMVQA5","1253.0"
"a051N000041nhttQAA","false","COST-001421","USD","true","01t1N00000EURLdQAP","3371.238"
"a051N000041nhtTQAQ","false","COST-001395","USD","true","01t1N00000EURMWQA5","1298.5"
"a051N000041nhtuQAA","false","COST-001422","USD","true","01t1N00000EURLeQAP","0.0"
"a051N000041nhtUQAQ","false","COST-001396","USD","true","01t1N00000EURMXQA5","1330.0"
"a051N000041nhtvQAA","false","COST-001423","USD","true","01t1N00000EURMEQA5","0.0"
"a051N000041nhtVQAQ","false","COST-001397","USD","true","01t1N00000EURLIQA5","1591.2"
"a051N000041nhtwQAA","false","COST-001424","USD","true","01t1N00000EURLSQA5","769.3"
"a051N000041nhtWQAQ","false","COST-001398","USD","true","01t1N00000EURMYQA5","1739.4"
"a051N000041nhtxQAA","false","COST-001425","USD","true","01t1N00000EURLCQA5","159.2"
"a051N000041nhtXQAQ","false","COST-001399","USD","true","01t1N00000EURMZQA5","0.0"
"a051N000041nhtyQAA","false","COST-001426","USD","true","01t1N00000EURLPQA5","239.2"
"a051N000041nhtYQAQ","false","COST-001400","USD","true","01t1N00000EURMaQAP","0.0"
"a051N000041nhtzQAA","false","COST-001427","USD","true","01t1N00000EURLkQAP","1680.0"
"a051N000041nhtZQAQ","false","COST-001401","USD","true","01t1N00000EURMbQAP","0.0"
"a051N000041nhu0QAA","false","COST-001428","USD","true","01t1N00000EURLlQAP","1440.0"
"a051N000041nhu1QAA","false","COST-001429","USD","true","01t1N00000EURLQQA5","0.0"
"a051N000041nhu2QAA","false","COST-001430","USD","true","01t1N00000EURLoQAP","15.0"
"a051N000041nhu3QAA","false","COST-001431","USD","true","01t1N00000EURLsQAP","64.0"
"a051N000041nhu4QAA","false","COST-001432","USD","true","01t1N00000EURKcQAP","440.0"
"a051N000041nhu5QAA","false","COST-001433","USD","true","01t1N00000EURKbQAP","5600.0"
"a051N000041nhu6QAA","false","COST-001434","USD","true","01t1N00000EURMFQA5","4000.0"
"a051N000041nhu7QAA","false","COST-001435","USD","true","01t1N00000EURMGQA5","3300.0"
"a051N000041nhu8QAA","false","COST-001436","USD","true","01t1N00000EURLqQAP","600.0"
"a051N000041nhu9QAA","false","COST-001437","USD","true","01t1N00000EURKaQAP","4800.0"
"a051N000041nhuaQAA","false","COST-001464","USD","true","01t1N00000EURLnQAP","1920.0"
"a051N000041nhuAQAQ","false","COST-001438","USD","true","01t1N00000EURKZQA5","4900.0"
"a051N000041nhubQAA","false","COST-001465","AUD","true","01t1N00000EURKgQAP","319.2"
"a051N000041nhuBQAQ","false","COST-001439","USD","true","01t1N00000EURLpQAP","0.0"
"a051N000041nhucQAA","false","COST-001466","CAD","true","01t1N00000EURM0QAP","0.0"
"a051N000041nhuCQAQ","false","COST-001440","USD","true","01t1N00000EURLmQAP","42.0"
"a051N000041nhudQAA","false","COST-001467","CAD","true","01t1N00000EURM1QAP","0.0"
"a051N000041nhuDQAQ","false","COST-001441","USD","true","01t1N00000EURMHQA5","5100.0"
"a051N000041nhueQAA","false","COST-001468","CAD","true","01t1N00000EURM7QAP","0.0"
"a051N000041nhuEQAQ","false","COST-001442","USD","true","01t1N00000EURKdQAP","0.0"
"a051N000041nhufQAA","false","COST-001469","CAD","true","01t1N00000EURM8QAP","0.0"
"a051N000041nhuFQAQ","false","COST-001443","USD","true","01t1N00000EURKjQAP","135.0"
"a051N000041nhugQAA","false","COST-001470","USD","true","01t1N00000EURLOQA5","12000.0"
"a051N000041nhuGQAQ","false","COST-001444","USD","true","01t1N00000EURLNQA5","3500.0"
"a051N000041nhuhQAA","false","COST-001471","USD","true","01t1N00000EURLtQAP","0.0"
"a051N000041nhuHQAQ","false","COST-001445","USD","true","01t1N00000EURKoQAP","0.0"
"a051N000041nhuiQAA","false","COST-001472","GBP","true","01t1N00000EURLtQAP","0.0"
"a051N000041nhuIQAQ","false","COST-001446","USD","true","01t1N00000EURKmQAP","1920.0"
"a051N000041nhujQAA","false","COST-001473","EUR","true","01t1N00000EURLtQAP","0.0"
"a051N000041nhuJQAQ","false","COST-001447","USD","true","01t1N00000EURMIQA5","4500.0"
"a051N000041nhukQAA","false","COST-001474","CAD","true","01t1N00000EURLtQAP","0.0"
"a051N000041nhuKQAQ","false","COST-001448","USD","true","01t1N00000EURL1QAP","490.0"
"a051N000041nhulQAA","false","COST-001475","AUD","true","01t1N00000EURLtQAP","0.0"
"a051N000041nhuLQAQ","false","COST-001449","USD","true","01t1N00000EURKpQAP","1280.0"
"a051N000041nhumQAA","false","COST-001476","AUD","true","01t1N00000EURLDQA5","2288.0"
"a051N000041nhuMQAQ","false","COST-001450","USD","true","01t1N00000EURKqQAP","1820.0"
"a051N000041nhunQAA","false","COST-001477","CAD","true","01t1N00000EURLDQA5","2032.1"
"a051N000041nhuNQAQ","false","COST-001451","USD","true","01t1N00000EURLfQAP","2240.0"
"a051N000041nhuoQAA","false","COST-001478","EUR","true","01t1N00000EURLDQA5","1384.6"
"a051N000041nhuOQAQ","false","COST-001452","USD","true","01t1N00000EURLrQAP","1720.0"
"a051N000041nhupQAA","false","COST-001479","GBP","true","01t1N00000EURLDQA5","1019.4"
"a051N000041nhuPQAQ","false","COST-001453","USD","true","01t1N00000EURMdQAP","800.0"
"a051N000041nhuqQAA","false","COST-001480","USD","true","01t1N00000EURLDQA5","1720.0"
"a051N000041nhuQQAQ","false","COST-001454","USD","true","01t1N00000EURMeQAP","1050.0"
"a051N000041nhurQAA","false","COST-001481","AUD","true","01t1N00000EURLjQAP","56.0"
"a051N000041nhuRQAQ","false","COST-001455","USD","true","01t1N00000EURKeQAP","315.0"
"a051N000041nhusQAA","false","COST-001482","CAD","true","01t1N00000EURLjQAP","56.7"
"a051N000041nhuSQAQ","false","COST-001456","USD","true","01t1N00000EURKfQAP","119.0"
"a051N000041nhutQAA","false","COST-001483","EUR","true","01t1N00000EURLjQAP","38.5"
"a051N000041nhuTQAQ","false","COST-001457","USD","true","01t1N00000EURKgQAP","180.0"
"a051N000041nhuuQAA","false","COST-001484","GBP","true","01t1N00000EURLjQAP","32.9"
"a051N000041nhuUQAQ","false","COST-001458","USD","true","01t1N00000EURKhQAP","60.0"
"a051N000041nhuvQAA","false","COST-001485","USD","true","01t1N00000EURLjQAP","42.0"
"a051N000041nhuVQAQ","false","COST-001459","USD","true","01t1N00000EURKkQAP","150.0"
"a051N000041nhuWQAQ","false","COST-001460","USD","true","01t1N00000EURLHQA5","367.5"
"a051N000041nhuXQAQ","false","COST-001461","USD","true","01t1N00000EURKlQAP","120.0"
"a051N000041nhuYQAQ","false","COST-001462","USD","true","01t1N00000EURKnQAP","157.5"
"a051N000041nhuZQAQ","false","COST-001463","USD","true","01t1N00000EURKiQAP","0.984"
